model,interactions,hybrid,c_index,weighted_brier
logistic_regression,False,0.8701002041857167,0.8535110963895329,0.12279017818734739
logistic_regression,True,0.868932054035091,0.8518549188473005,0.12374917374157021
