model,hybrid,c_index,weighted_brier
decision_tree (tuned),0.969888065515652,0.9347880092745943,0.015069053238180334
gradient_boosting (tuned),0.9637107014456439,0.9381417687976151,0.025331184562343775
random_forest (tuned),0.9483482788318723,0.9320967207684664,0.04468676771238221
