interactions,hybrid,c_index,weighted_brier
False,0.8701002041857167,0.8535110963895329,0.1227901781873474
True,0.868932054035091,0.8518549188473005,0.12374917374157024
